{
    "ports": {
        "I": 7,
        "Q": 8
    },
    "offsets": {
        "I": -0.0006549379580869659,
        "Q": 0.025741775805634467
    },
    "correction_vars": {
        "theta": 0.013099196584601125,
        "k": 0.777281494140625
    },
    "lo_frequency": 6734682000.0,
    "im_frequency": 100000000.0,
    "wf_samples": {
        "wf1": 0.2,
        "wf2": 0.2
    },
    "pulse_time": 500
}