{
    "ports": {
        "I": 7,
        "Q": 8
    },
    "offsets": {
        "I": 0.0006035864721154951,
        "Q": 0.028084350276634855
    },
    "correction_vars": {
        "theta": 0.010063361569762792,
        "k": 0.7803900886139732
    },
    "lo_frequency": 6734682600.0,
    "im_frequency": 100000000.0,
    "wf_samples": {
        "wf1": 0.2,
        "wf2": 0.2
    },
    "pulse_time": 500
}